Name,Type,Building,Floor,Location Description,Latitude,Longitude,StartingTime,ClosingTime,ImageURL
Anna's x The Soup Spoon Union,Food,Forum,1,Forum; by Central Library,1.296444,103.773032,0830hrs,1800hrs,https://github.com/CS3219-AY2627S1/FoC-Template/blob/main/data/images/ANNA.jpeg
NUS Co-op @ Central Library,Shopping,Central Library,1,Inside the library on the right side,1.2967866,103.7732677,0900hrs,1600hrs,https://github.com/CS3219-AY2627S1/FoC-Template/blob/main/data/images/NUS_COOP.jpeg
Printer @ Com 2,Printing,COM2,1,Next to LT19,1.2938347,103.7744572,0000hrs,2359hrs,https://github.com/CS3219-AY2627S1/FoC-Template/blob/main/data/images/PRINTER_COM2.jpeg
Cool Spot,Food,COM2,1,Opp LT16,1.2940156,103.7738478,0900hrs,2130hrs,https://github.com/CS3219-AY2627S1/FoC-Template/blob/main/data/images/COOL_SPOT.jpeg
InstaChef,Food,Terrace,1,Next to foyer,1.2938898,103.7736305,0000hrs,2359hrs,https://github.com/CS3219-AY2627S1/FoC-Template/blob/main/data/images/INSTACHEF.jpeg
Cafe+ Robot Cafe,Food/Coffee,Central Library,1,Opp to central library entrance,1.296444,103.773032,0000hrs,2359hrs,https://github.com/CS3219-AY2627S1/FoC-Template/blob/main/data/images/ROBOT_CAFE.jpeg
A Hot Hideout,Food,Prince George's Park,2,Near PGP entrance,1.2908445,103.7770891,1100hrs,2130hrs,
Arise and Shine,Food,Engineering Block E4,4,Near LT6,1.2991517,103.769064,0800hrs,1800hrs,
Bakehaus / Aurea,Food,The Ridge,1,Near COM2,1.2946778,103.7707872,0800hrs,2100hrs,
Central Square @ YIH,Food,Yusof Ishak House,1,Closest to Opp UHC bus stop,1.2984401,103.7726256,0800hrs,2000hrs,
Pasta Express,Food,Frontier,1,Aircon section,1.2947819,103.7704435,0930hrs,1930hrs,
TOMORO COFFEE @ HSSML,Food/Coffee,Hon Sui Sen Memorial Library,2,Inside HSSML,1.2931259,103.7719943,0815hrs,1800hrs,
Octobox @ PGP,Shopping,Prince George's Park,2,Near PGP entrance,1.2904347,103.7787588,0000hrs,2359hrs,
Smooy,Food,COM3,1,The Terrace @ COM3,1.2948308,103.7716305,1100hrs,2100hrs,
Goh Bros E-Print Pte Ltd,Printing,Yusof Ishak House,5,Take the long staircase up YIH,1.2984905,103.7720544,0900hrs,1800hrs,
Cheers @ Engineering E3,Shopping,Engineering Block E3,4,Unmanned convenience store,1.2994341,103.7526298,0000hrs,2359hrs,
Nami,Food,innovation4.0,1,Opp TCOMS,1.2942982,103.7708813,0800hrs,1730hrs,
Supersnacks,Food,Prince George's Park,1,"At level 1 in Prince George's Park Residences, Block 10",1.2913847,103.7776367,1100hrs,0200hrs,
Good Day Cafe,Food/Coffee,Medicine+Science Library,1,Inside MedScience library ,1.2967989,103.7794336,0730hrs,1830hrs,
The Coffee Roaster,Food/Coffee,AS8,1,AS8,1.296252229,103.7720926,0800hrs,1730hrs,
He by He Brews,Food/Coffee,Blk EA,1,Engineering Block EA,1.300566804,103.7707577,0800hrs,1700hrs,
Bismillah Biryani,Food,Stephen Riady Centre,,University Town; Town Plaza area,,,1130hrs,1930hrs,
Fine Food @ UTown,Food,Town Plaza,,University Town food court,,,0800hrs,2030hrs,
Flavours @ UTown,Food,Stephen Riady Centre,,University Town food court,,,0730hrs,2030hrs,
Hwang's Korean Restaurant,Food,Town Plaza,,University Town,,,1030hrs,2100hrs,
Jollibee,Food,Town Plaza,,University Town,,,0900hrs,2100hrs,
Mr Bean / Do Qoo,Food,Town Plaza,,University Town,,,0730hrs,2100hrs,
Makan Malah!,Food,Town Plaza,,University Town,,,1100hrs,2230hrs,
Starbucks @ ERC,Food/Coffee,Education Resource Centre,,University Town; ERC,,,0000hrs,2359hrs,
Subway @ UTown,Food,Stephen Riady Centre,,University Town,,,0830hrs,2130hrs,
The Royals Bistro,Food,Town Plaza,,University Town,,,1100hrs,2000hrs,
Sapore,Food,Stephen Riady Centre,,University Town,,,1130hrs,2100hrs,
TOMORO COFFEE @ NUS College,Food/Coffee,NUS College,,University Town,,,0800hrs,1800hrs,
Udon Don Bar,Food,Town Plaza,,University Town,,,1100hrs,2130hrs,
Waa Cow / Bueno Bueno,Food,Stephen Riady Centre,,University Town,,,1130hrs,2030hrs,
C J Koh Law Library Printing,Printing,C J Koh Law Library,1,Self-service printing and photocopying,,,0800hrs,2200hrs,
Central Library Printing,Printing,Central Library,4,Self-service printing,,,0800hrs,2200hrs,
Hon Sui Sen Memorial Library Printing,Printing,Hon Sui Sen Memorial Library,1,Self-service printing and photocopying,,,0800hrs,2200hrs,
Medicine+Science Library Printing,Printing,Medicine+Science Library,2,Self-service printing and photocopying,,,0800hrs,2200hrs,
AS8 Printing,Printing,AS8,1,Self-service printing in computer room,,,0800hrs,2200hrs,
PGPR Printing,Printing,PGPR Block 8,B1,Self-service printing,,,0000hrs,2359hrs,
Raffles Hall Printing,Printing,Raffles Hall,,Self-service printing and photocopying,,,0800hrs,2200hrs,
UTown Residence Printing,Printing,UTown Residence,2,North Tower; printing service,,,0000hrs,2359hrs,
Burnt Cones @ University Hall,Food/Coffee,University Hall,,University Hall,,,0800hrs,1930hrs,
Cafe Delight,Food/Coffee,Ventus,,Ventus,,,0800hrs,1700hrs,
Chong Pang Tai Zhi Wei,Food,The Deck,2,The Deck food court,,,0730hrs,1600hrs,
CHAGEE,Food/Coffee,Yusof Ishak House,1,Yusof Ishak House Level 1,,,1030hrs,2030hrs,
Fong Seng Nasi Lemak,Food,The Deck,2,The Deck food court,,,0800hrs,1700hrs,
Li Ji Coffeehouse,Food/Coffee,Frontier,,Frontier air-conditioned section,,,0700hrs,1930hrs,
Liang Ban Kung Fu,Food,The Deck,2,The Deck food court,,,0800hrs,2000hrs,
Makan Boleh,Food,COM3,,The Terrace @ COM3,,,0800hrs,1900hrs,
Mini Wok & Dim Sum,Food,Yusof Ishak House,1,Yusof Ishak House,,,1000hrs,2100hrs,
Mixue,Food/Coffee,Frontier,,"Frontier, Faculty of Science",,,1000hrs,1900hrs,
Nine Fresh,Food,Faculty of Science,,Faculty of Science,,,1100hrs,1830hrs,
Potato Corner,Food,Yusof Ishak House,1,Yusof Ishak House,,,1100hrs,2000hrs,
PGP Aircon Canteen,Food,Prince George's Park,,Prince George’s Park canteen,,,0730hrs,2000hrs,
QQ Rice,Food,Science Block S16,,Science Block S16,,,0730hrs,1900hrs,
Sloppy B,Food,University Sports Centre,,University Sports Centre,,,1000hrs,2200hrs,
Taiwan Ichiban,Food,Frontier,,Frontier air-conditioned section,,,0830hrs,1930hrs,
Techno Edge,Food,College of Design and Engineering,,CDE food court,,,0700hrs,2000hrs,
TempuRamen,Food,Yusof Ishak House,1,Yusof Ishak House,,,0930hrs,2030hrs,
The Acai Truck,Food,Prince George's Park,2,PGP canteen,,,1100hrs,0000hrs,
The Coffee Bean and Tea Leaf,Food/Coffee,COM3,,The Terrace @ COM3,,,0900hrs,1800hrs,
The Spread,Food,Business School,,Mochtar Riady Building,,,0800hrs,2000hrs,
The Terrace,Food,COM3,,Computing 3 food court,,,0730hrs,1900hrs,
Uncle Penyet Fusion,Food,Frontier,,Frontier air-conditioned section,,,0700hrs,1930hrs,
Wild Skew,Food,Yusof Ishak House,2,Yusof Ishak House,,,1130hrs,2030hrs,
Wok Express,Food,Yusof Ishak House,1,Yusof Ishak House,,,1000hrs,2100hrs,
Wonderful Cafe @ CDE,Food/Coffee,College of Design and Engineering,,College of Design and Engineering,,,0700hrs,2000hrs,
Wonderful Cafe @ S16,Food/Coffee,Science Block S16,,Science Block S16,,,0730hrs,2000hrs,
Cheers @ YIH,Shopping,Yusof Ishak House,1,Unmanned convenience store,,,0000hrs,2359hrs,
FairPrice Xpress @ Kent Vale,Shopping,Kent Vale,,Campus supermarket/convenience store,,,0700hrs,2300hrs,
NUS Co-op @ Science LT27,Shopping,Science LT27,,NUS Co-op retail outlet,,,1000hrs,1730hrs,
Bistro Box,Food,College of Design and Engineering,,CDE food court,,,0730hrs,2000hrs,
Burnt Cones @ MD11,Food/Coffee,Medicine Block MD11,,Medicine Block MD11,,,0730hrs,2130hrs,
Starbucks @ S9,Food/Coffee,S9,,S9,,,0730hrs,1900hrs,
Starbucks @ CDE,Food/Coffee,College of Design and Engineering,,College of Design and Engineering,,,0800hrs,1630hrs,
Poonsti Café,Food/Coffee,Shaw Foundation Alumni House,,Shaw Foundation Alumni House #01-01 to 03,,,0800hrs,1630hrs,
Eureka Taste,Food,Medicine Block MD6,,Medicine Block MD6,,,0700hrs,1900hrs,
Frontier,Food,Faculty of Science,,Faculty of Science food court,,,0730hrs,2000hrs,
South & East,Food,Shaw Foundation Alumni House,1,Shaw Foundation Alumni House #01-01 to 03,,,1130hrs,2200hrs,
The Deck,Food,Faculty of Arts & Social Sciences,,FASS food court,,,0730hrs,2000hrs,
FairPrice Xpress @ UTown,Shopping,Stephen Riady Centre,,UTown supermarket/convenience store,,,0000hrs,2359hrs,
OCBC @ NUS,Bank,Stephen Riady Centre,,UTown banking outlet,,,1100hrs,1900hrs,
Octobox @ UTown,Shopping,Stephen Riady Centre,,UTown unmanned convenience store,,,0000hrs,2359hrs,
Skosk Beautique,Personal Care,Stephen Riady Centre,,UTown personal care store,,,1000hrs,2000hrs,
